City,Industry,Investment
Bengaluru,E-Tech,200000000.0
Gurgaon,Transportation,8048394.0
Bengaluru,E-commerce,18358860.0
New Delhi,FinTech,3000000.0
Mumbai,Fashion and Apparel,1800000.0
Chennai,Logistics,9000000.0
Gurgaon,Hospitality,150000000.0
Pune,Technology,6000000.0
Gurgaon,E-Commerce,70000000.0
Bengaluru,Aerospace,50000000.0
Gurgaon,Technology,20000000.0
Bengaluru,B2B-focused foodtech startup,12000000.0
Bengaluru,E-Commerce,30000000.0
Mumbai,Finance,5900000.0
Bengaluru,Video,2000000.0
Noida,Gaming,50000000.0
Faridabad,E-Commerce,231000000.0
San Francisco,Software,150000000.0
Gurgaon,Health and wellness,486000.0
Gurgaon,Education,1500000.0
Gurgaon,Health and Wellness,12000000.0
Bengaluru,B2B Marketing,26000000.0
Gurgaon,FinTech,17411265.0
Pune,Video Games,1300000.0
"San Jose,",SaaS,135000000.0
Amritsar,Last Mile Transportation,300000.0
Delhi,E-Commerce,220000000.0
Mumbai,Healthcare,15800000.0
Kormangala,Last Mile Transportation,283000000.0
Tulangan,Education,200000000.0
Noida,FinTech,1000000000.0
Bengaluru,Customer Service,45000000.0
Bengaluru,B2B,585000000.0
Pune,FinTech,4500000.0
Mumbai,FinTech,3300000.0
Mumbai,"Advertising, Marketing",6000000.0
Hyderabad,SaaS,5000000.0
Burnsville,IoT,18000000.0
Bengaluru,Information Technology,1000000.0
Mumbai,Consumer Technology,10000000.0
Menlo Park,Health and Wellness,450000000.0
Bengaluru,Accounting,5000000.0
Gurgaon,E-Commerce,20000000.0
New Delhi,Finance,5000000.0
Bengaluru,Retail,1600000.0
Mumbai,Finance,140000000.0
Noida,Information Technology,38080000.0
Bengaluru,E-Commerce,125000000.0
Gurugram,E-Commerce,11000000.0
Palo Alto,Customer Service Platform,51000000.0
San Francisco,Automotive,37000000.0
Bengaluru,Consumer Goods,500000.0
Santa Monica,FinTech,110000000.0
Gurgaon,FinTech,15000000.0
Bengaluru,Food and Beverage,6590000.0
Noida,EdTech,1000000.0
Gurgaon,E-Commerce,70000000.0
Bengaluru,Transportation,3900000000.0
Gurgaon,Finance,19000000.0
Singapore,Information Technology,2500000.0
New Delhi,Compliance,145000.0
Kormangala,Transport,1000000.0
Taramani,Artificial Intelligence,38080000.0
New Delhi,Food and Beverage,500000.0
Bengaluru,EdTech,150000000.0
Singapore,E-Commerce,60000000.0
Singapore,Tech,16000000.0
Andheri,Tech,5750000.0
Mumbai,Health Care,2500000.0
Mumbai,Luxury Label,1000000.0
Chembur,EdTech,319605.0
Bengaluru,E-Commerce,51000000.0
New Delhi,Food and Beverage,10000000.0
Gurgaon,E-Commerce,4889975.54
Bengaluru,Finance,9000000.0
New Delhi,Finance,75000000.0
Hyderabad,Waste Management Service,26000000.0
Bengaluru,Deep-Tech,2500000.0
Nairobi,Agriculture,2739034.68
New Delhi,Energy,26000000.0
Bengaluru,Digital Media,15109500.0
Bengaluru,Digital Media,430200.0
Haryana,FinTech,15500000.0
New York,FinTech,52000000.0
Karnataka,Transportation,3584000.0
Mumbai/Bengaluru,Services,3400000.0
Bengaluru,Waste Management Service,868600.0
Bengaluru,Transport,150000000.0
Hyderabad,Saas,50000000.0
Bengaluru,Automobile,51000000.0
Mumbai,Agtech,140000000.0
Bengaluru,E-commerce,11500000.0
New Delhi,Food and Beverage,5600000.0
Bengaluru,Finance,45000000.0
Bengaluru,E-commerce,17000000.0
Bhopal,E-commerce,430665.0
New Delhi,Social Media,3591375.0
Gurugram,Health and Wellness,200000.0
Bengaluru,Fintech,3500000.0
Mumbai,Edtech,6320820.0
Mumbai,E-commerce,2443495.0
Bengaluru,Edtech,307000.0
Mumbai,SaaS,26000000.0
Bengaluru and Gurugram,E-commerce,3000000.0
Gurugram,Transportation,5000000.0
Bengaluru,Technology,3000000.0
India/Singapore,Ecommerce,226000000.0
New Delhi,Nanotechnology,600000.0
Gurgaon,Hospitality,100000000.0
Jaipur,Automobile,110000000.0
India/US,Health and Wellness,22000000.0
Chennai,Finance,5000000.0
Delhi,Social Media,700000.0
New Delhi,Services Platform,50000000.0
Mumbai,Travel Tech,800000.0
Gurugram,Online Education,572000.0
Nagpur,Online Marketplace,143000.0
Indore,B2B,2000000.0
Gurugram,"SaaS, Ecommerce",3500000.0
Bengaluru,Food and Beverage,138995.0
Chennai,NBFC,27799000.0
Bengaluru,Ecommerce,50000000.0
Bengaluru,Gaming,500000.0
Jaipur,Food,1000000.0
"New York, Bengaluru",Food Tech,1000000.0
New Delhi,Food,1300000.0
Bengaluru,Transport,1000000.0
Bengaluru,Services,500000.0
California,Automation,300000000.0
Bengaluru,Health and Wellness,6000000.0
Noida,Education,278000.0
Mumbai,Investment,31000000.0
Mumbai/Bengaluru,Financial Tech,3400000.0
India/US,Software,29500000.0
India,Finance,42000000.0
Delhi,Social Media,1700000.0
Hyderabad,Logistics,11000000.0
Mumbai,Food,8200000.0
Gurgaon,Automobile,3000000.0
New Delhi,Real Estate,4000000.0
Bengaluru,Logistics Tech,14680000.0
Bengaluru,Logistics Tech,12000000.0
Chennai,Consumer Internet,35000000.0
Bengaluru,B2B Platform,225000000.0
Bengaluru,Consumer Internet,6390000.0
Delhi,Healthcare,1000000.0
Mumbai,Consumer Internet,157200000.0
Mumbai,Consumer Internet,100000000.0
Gurugram,Healthcare,4000000.0
Bengaluru,Technology,32000000.0
Mumbai,Consumer Internet,5500000.0
Mumbai,Fin-Tech,5000000.0
Mumbai,Fin-Tech,30000000.0
Bengaluru,Food-Tech,400000.0
Hyderabad,Consumer Internet,7000000.0
Gurugram,Consumer Internet,120000.0
Mumbai,Consumer Internet,1000000.0
Bengaluru,Consumer Internet,35000000.0
Gurugram,Consumer Internet,10000000.0
Bengaluru,Consumer Internet,4000000.0
Bengaluru,Consumer Internet,12200000.0
Bengaluru,Consumer Internet,66000000.0
Bengaluru,Ed-Tech,3000000.0
Bengaluru,Fin-Tech,1000000.0
Chennai,Consumer Internet,4000000.0
Bengaluru,Technology,8000000.0
Ahemadabad,Consumer Internet,114811.0
Gurugram,Consumer Internet,5850000.0
Bengaluru,Finance,1000000.0
Mumbai,Consumer Internet,4800000.0
Bengaluru,Technology,6000000.0
Gurugram,Consumer Internet,14270000.0
Bengaluru,Consumer Internet,13400000.0
Bengaluru,Fin-Tech,4200000.0
Delhi,Healthcare,5000000.0
Bengaluru,IT,3000000.0
Mumbai,Finance,600000000.0
Gurugram,Consumer Internet,1000000.0
Pune,IT,4000000.0
Mumbai,Consumer Internet,6250000.0
Gurugram,Consumer Internet,27700000.0
Bengaluru,Consumer Internet,440000.0
Bengaluru,Consumer Internet,1100000.0
Gurugram,Consumer Internet,437000.0
Bengaluru,Finance,5000000.0
Mumbai,Consumer Internet,5000000.0
Rourkela,Consumer Internet,2500000.0
Gurugram,IT,180000.0
Bengaluru,Healthcare,500000.0
Jaipur,Healthcare,175000.0
Gurugram,Finance,29000000.0
Gurugram,Consumer Internet,49700000.0
Bengaluru,Consumer Internet,1500000.0
Mumbai,Consumer Internet,100000000.0
Bengaluru,Consumer Internet,1500000.0
Mumbai,Consumer Internet,18000000.0
Gurugram,Technology,280000.0
Bengaluru,Technology,436000.0
Bengaluru,Ed-Tech,180000.0
Pune,Consumer Internet,45000000.0
Mumbai,Finance,17000000.0
Bengaluru,Consumer Internet,1250000.0
Bengaluru,Technology,2500000.0
Bengaluru,IT,1100000.0
Hyderabad,Fin-Tech,500000.0
Gurugram,Consumer Internet,11000000.0
Bengaluru,Consumer Internet,120000000.0
Chennai,Fin-Tech,100000000.0
Hyderabad,Healthcare,5000000.0
Gurugram,Finance,10000000.0
Bengaluru,Technology,125000.0
Bhubneswar,Finance,23000000.0
Bengaluru,Consumer Internet,11500000.0
Gurugram,Finance,21500000.0
Mumbai,Finance,14800000.0
Chennai,E-Commerce,10100000.0
Bengaluru,Consumer Internet,3000000.0
Gurugram,Healthcare,300000.0
Noida,Finance,450000.0
Bengaluru,Consumer Internet,3450000.0
Mumbai,Technology,4800000.0
Chandigarh,Healthcare,21000000.0
Delhi & Cambridge,IT,1700000.0
Bengaluru,Consumer Internet,1100000.0
Mumbai,Finance,15000000.0
Bengaluru,Consumer Internet,9100000.0
Gurugram,Consumer Internet,200000000.0
Bengaluru,Consumer Internet,4000000.0
Gurugram,Finance,1000000.0
Noida,Technology,8950000.0
Bengaluru,Healthcare,19000000.0
Mumbai,Technology,4500000.0
Bengaluru,Technology,1100000.0
Bengaluru,Ed-Tech,2000000.0
Chennai,Finance,450000.0
Mumbai,Consumer Internet,22000000.0
Chennai,IT,2500000.0
Mumbai,Consumer Internet,225000.0
Mumbai,Technology,1000000.0
Pune,Consumer Internet,949000.0
Mumbai,Consumer Internet,24000000.0
Bengaluru,Healthcare,4200000.0
Bengaluru,Technology,300000.0
Gurugram,Technology,7000000.0
Bengaluru,Finance,500000.0
Bengaluru,Consumer Internet,735000.0
Bengaluru,E-Commerce,735000.0
Kolkata,Finance,2000000.0
Delhi,Ed-tech,2000000.0
Delhi,Clean-tech,293000.0
Mumbai,Consumer Internet,12000000.0
Mumbai,Healthcare,200000.0
Gurugram,Consumer Internet,1500000.0
Bengaluru,Technology,8000000.0
Bengaluru,Technology,14000000.0
Hyderabad,Consumer Internet,1300000.0
Mumbai,Consumer Internet,2000000.0
Coimbatore,Technology,307600.0
Bengaluru,Consumer Internet,1300000.0
Bengaluru,Finance,55000000.0
Hyderabad,Ed-Tech,150000.0
Bangalore,Ed-Tech,10000000.0
Chennai,Fiinance,2800000.0
Mumbai,Consumer Internet,1000000.0
Delhi,Ed-Tech,46140.0
Gurugram,Consumer Internet,12000000.0
Delhi,Healthcare,1000000.0
Gurugram,Finance,4600000.0
Mumbai,Finance,2000000.0
Delhi,Consumer Internet,500000.0
Mumbai,Consumer Internet,22000000.0
Bengaluru,Technology,1100000.0
Gurugram,Technology,23000000.0
Mumbai,Healthcare,1900000.0
Mumbai,Consumer Internet,11000000.0
Mumbai,Finance,150000.0
Bengaluru,Finance,22000000.0
Delhi,Consumer Internet,246000.0
Delhi,Technology,5500000.0
Gurugram,Consumer Internet,10000000.0
Mumbai,Consumer Internet,7500000.0
Gurgaon,Finance,978000.0
Noida,Consumer Internet,3000000.0
Bengaluru,E-Commerce,12000000.0
Bengaluru,Consumer Internet,250000.0
Indore,Technology,1000000.0
Mumbai,Healthcare,2100000.0
Bengaluru,Healthcare,10000000.0
Jaipur,Consumer Internet,6000000.0
Noida,Technology,5000000.0
Pune,Consumer Internet,1100000.0
Chennai,Technology,9700000.0
Mumbai,Consumer Internet,7600000.0
Mumbai,Consumer Internet,38400000.0
Gurugram,Consumer Internet,1000000.0
Mumbai,Consumer Internet,1000000.0
Mumbai,Technology,82000000.0
Bengaluru,Consumer Internet,17200000.0
Gurugram,Consumer Internet,62000000.0
Mumbai,Consumer Internet,1310000.0
Udaipur,Healthcare,500000.0
Gurugram,Food & Beverages,3000000.0
Gurugram,Technology,1000000.0
Chennai,Technology,18000000.0
Noida,Consumer Internet,768000.0
Bengaluru,Technology,1240000.0
Delhi,Consumer Internet,1000000.0
Delhi,Technology,250000.0
Bengaluru,Finance,2000000.0
Delhi,Media,535000.0
Bengaluru,Technology,3000000.0
Bengaluru,Consumer Internet,300000000.0
Gurugram,Food and Beverages,200000000.0
Bengaluru,Publishing,4300000.0
Faridabad,Healthcare,21000000.0
Gurugram,Consumer Internet,2000000.0
Bengaluru,Healthcare,3100000.0
Bengaluru,Food and Beverages,100000000.0
Pune,Healthcare,100000000.0
Pune,Consumer Internet,50000000.0
Bengaluru,Healthcare,12000000.0
Bengaluru,Consumer Internet,6830000.0
Bengaluru,Finance,87000000.0
Gurugram,E-Commerce,935089.0
Mumbai,Food and Beverages,311200.0
Bengaluru,Ed-Tech,13500000.0
Chennai,Ed-Tech,3000000.0
Mumbai,Ed-Tech,100000.0
Mumbai,Ed-Tech,500000.0
Mumbai,Technology,5000000.0
Gurugram,Consumer Internet,148434.0
Ahemadabad,E-Commerce,6230000.0
Bengaluru,Finance,250000.0
Mumbai,Finance,150000.0
Gurugram,Finance,3800000.0
Mumbai,Agriculture,500000.0
Bengaluru,E-Commerce,50000000.0
Bengaluru,IT,20000000.0
Gurugram,Healthcare,2100000.0
Delhi,Ed-Tech,772500.0
Chennai,Technology,1040000.0
Mumbai,Technology,250000.0
Gurugram,Technology,115000000.0
Bengaluru,IT,1400000.0
Pune,Finance,15700000.0
Ahmedabad,Finance,4700000.0
Mumbai,Entertainment,2500000.0
Bengaluru,Technology,1930000.0
Delhi,E-commerce,18840000.0
Chennai,Finance,23500000.0
Surat,Technology,36230000.0
Gurgaon,Technology,80000.0
Bengaluru,Technology,20000000.0
Bengaluru,Technology,354600.0
Bengaluru,Finance,25000000.0
New Delhi,Technology,20000000.0
Pune,Technology,1000000.0
Bengaluru,Technology,18200000.0
Chennai,Technology,400000.0
Bangalore,Consumer Internet,2500000.0
Chennai,Finance,4000000.0
Bengaluru,Technology,3200000.0
Gurugram,E-commerce,3000000.0
Mumbai,Finance,47000000.0
Mumbai,Education,8600000.0
Gurugram,Finance,6240000.0
Mumbai,Technology,1000000.0
Bengaluru,Healthcare,7400000.0
Hyderabad,Healthcare,1500000.0
Mumbai,Consumer internet,1000000.0
Gurugram,Healthcare,1000000.0
Mumbai,Technology,50000000.0
Bengaluru,Technology,500000.0
Mumbai,Technology,7600000.0
Bengaluru,Healthcare,10000000.0
Bengaluru,Technology,4400000.0
Bangalore,Technology,12300000.0
Mumbai,Real Estate,23000000.0
Goa,Technology,1000000.0
Gurgaon,Technology,500000.0
Mumbai,Technology,60000000.0
Chennai,Technology,7000000.0
Mumbai,Technology,10000000.0
Mumbai,E-Commerce,3100000.0
Gurgaon,Healthcare,750000.0
Chennai,Ecommerce,2300000.0
Noida,Technology,5000000.0
Delhi,E-Commerce,1500000.0
Mumbai,Technology,50000.0
Bengaluru,Technology,50000.0
Bengaluru,Technology,1200000.0
Delhi,Technology,1800000.0
Hyderabad,Technology,17500000.0
Gurgaon,E-Commerce,233000.0
Pune,Technology,27000000.0
Mumbai,Technology,27000000.0
Bengaluru,Technology,7200000.0
Bengaluru,E-Commerce,7000000.0
Bengaluru,Technology,6000000.0
Gurgaon,Technology,250000.0
Bengaluru,E-Commerce,10000000.0
Mumbai,E-Commerce,537000.0
Delhi,E-Commerce,2700000.0
Bengaluru,Technology,9500000.0
Delhi,Technology,1500000.0
Bengaluru,Technology,1000000.0
Hyderabad,Finance,19500000.0
Mumbai,Technology,4000000.0
Bengaluru,E-Commerce,150000.0
Chennai,E-Commerce,10000000.0
Hyderabad,Technology,3800000.0
New Delhi,Finance,570000.0
Bangalore,Technology,1000000.0
Bangalore,Technology,500000.0
Bangalore,Technology,1000000.0
Mumbai,Technology,5000000.0
Bangalore,Technology,5000000.0
Bangalore,Technology,7600000.0
Bangalore,Finance,3000000.0
Mumbai,eCommerce,3000000.0
Bangalore,Technology,3600000.0
Delhi,Technology,872000.0
Bangalore,Technology,25000000.0
Mumbai,ECommerce,15000000.0
Bangalore,Technology,8250000.0
Bangalore,Technology,900000.0
Delhi,Technology,3000000.0
Hyderabad,Inspiration,200000.0
Mumbai,Technology,692000.0
Hyderabad,Technology,329230.0
Mumbai,Technology,2700000.0
Mumbai,Technology,400000.0
Mumbai,Technology,250000.0
Bangalore,Healthcare,26000000.0
Mumbai,Finance,200000000.0
Bangalore,Finance,10000000.0
Goa,Technology,250000.0
Mumbai,Finance,270000000.0
Mumbai,Technology,39000.0
Mumbai,Technology,3800000.0
Bangalore,Lifestyle,13000000.0
Chennai,Technology,1500000.0
Goa,Healthcare,1350000.0
Delhi,Technology,2000000.0
Bangalore,Consumer Internet,110000000.0
Bangalore,Consumer Internet,306000.0
Bangalore,Consumer Internet,38700000.0
New Delhi,Consumer Internet,1000000.0
Mumbai,Technology,450000.0
Bangalore,ECommerce,9200000.0
New Delhi,ECommerce,3100000.0
Bangalore,Technology,8000000.0
Bangalore,Consumer Internet,10000000.0
Bangalore,Consumer Internet,2000000.0
Bangalore,eCommerce,2700000.0
New Delhi,Technology,336000.0
Gurgaon,Technology,1400000.0
Gurgaon,Consumer Internet,4500000.0
Bangalore,ECommerce,3100000.0
Hyderabad,Logistics,1100000.0
Hyderabad,Technology,235000.0
Gurgaon,Consumer Internet,77000000.0
Bangalore,Consumer Internet,250000.0
Gurgaon,eCommerce,2000000.0
Bangalore,Consumer Internet,8000000.0
New Delhi,Consumer Internet,9200000.0
Bangalore,Consumer Internet,7000000.0
Chennai,Consumer Internet,7000000.0
Bangalore,Logistics,7700000.0
Mumbai,Consumer Internet,500000.0
Mumbai,Consumer Internet,7000000.0
Mumbai,Food & Beverage,6000000.0
Mumbai,Consumer Internet,3100000.0
Kolkata,Consumer Internet,118000.0
Mumbai,Food & Beverage,500000.0
New Delhi,Consumer Internet,3000000.0
Bangalore,Consumer Internet,722000.0
Gurgaon,Consumer Internet,550000.0
Bangalore,eCommerce,5000000.0
Gurgaon,Technology,3800000.0
New Delhi,Technology,120000.0
Bangalore,Consumer Internet,7700000.0
Coimbatore,Food & Beverage,2000000.0
Chennai,ECommerce,14000000.0
Mumbai,Finance,32000000.0
Chennai,eCommece,1000000.0
Bangalore,Consumer Internet,1500000.0
Mumbai,Consumer Internet,1300000.0
Pune,Technology,5600000.0
Bangalore,Consumer Internet,1500000.0
Gurgaon,Technology,600000.0
Ahmedabad,Consumer Internet,10750000.0
New Delhi,Consumer Internet,10000000.0
Bangalore,Healthcare,6000000.0
Gurgaon,eCommerce,26000000.0
Mumbai,Consumer Internet,5000000.0
Gurgaon,Consumer Internet,250000000.0
Pune,Consumer Internet,780000.0
Pune,eCommerce,1000000.0
New Delhi,Consumer Internet,6900000.0
New Delhi,Logistics,30000000.0
Hyderabad,Consumer Internet,6200000.0
New Delhi,Consumer Internet,100000.0
Bangalore,Technology,17000000.0
New Delhi,Consumer Internet,3000000.0
Bangalore,Consumer Internet,2000000.0
Gurgaon,Consumer Internet,10000000.0
Mumbai,Consumer Internet,11500000.0
Chennai,Technology,780000.0
Mumbai,Technology,44000000.0
Bangalore,Consumer Portal,120000.0
Gurgaon,eCommerce,1000000.0
Hyderabad,Technology,50000000.0
Gaya,Finance,6000000.0
Bangalore,eCommerce,1000000.0
Gurgaon,eCommerce,15400000.0
Bangalore,Technology,6000000.0
Bangalore,Consumer Internet,422000.0
Mumbai,Consumer Internet,150000.0
Mumbai,Technology,1600000.0
Bangalore,Consumer Internet,1000000.0
New Delhi,Consumer Internet,300000.0
Bangalore,Technology,1000000.0
Bangalore,Technology,1300000.0
Mumbai,Consumer Internet,500000.0
Hyderabad,Consumer Internet,850000.0
Mumbai,Logistics,300000.0
Chennai,Technology,243000.0
New Delhi,Consumer Internet,220000.0
New Delhi,Logistics,3100000.0
Gurgaon,Technology,783000.0
Bangalore,eCommerce,2500000000.0
Gurgaon,Consumer Internet,36000000.0
Mumbai,Technology,312000.0
Bangalore,Consumer Internet,385000.0
New Delhi,eCommerce,187000.0
Chennai,Technology,6800000.0
Vadodara,Consumer Internet,734000.0
Pune,Technology,80000000.0
New Delhi,eCommerce,2300000.0
Bangalore,Technology,500000.0
Bangalore,Technology,16000000.0
Chennai,Consumer Internet,750000.0
Bangalore,Consumer Internet,125000.0
Pune,Technology,7000000.0
Bangalore,Consumer Internet,25000000.0
Mumbai,Technology,750000.0
Bangalore,Consumer Internet,34000000.0
Bangalore,Technology,30000000.0
Bangalore,Consumer Internet,1000000.0
Ahmedabad,Technology,2600000.0
Gurgaon,eCommerce,20000000.0
Bangalore,eCommerce,8500000.0
Noida,eCommerce,12000000.0
Mumbai,Consumer Internet,1000000.0
Bangalore,Consumer Internet,1000000.0
Hyderabad,Technology,3000000.0
Pune,Consumer Internet,2250000.0
Mumbai,Consumer Internet,464000.0
Bangalore,Technology,18500000.0
Bangalore,Technology,540000.0
Bangalore,eCommerce,1700000.0
Bangalore,Technology,2000000.0
Pune,Technology,4000000.0
Bangalore,Consumer Internet,10000000.0
Bangalore,Technology,600000.0
Gurgaon,Technology,700000.0
Gurgaon,eCommerce,200000.0
Bangalore,Consumer Internet,1200000.0
Bangalore,Consumer Internet,35000000.0
New Delhi,Consumer Internet,25000000.0
Bangalore,Consumer Internet,200000.0
Gurgaon,eCommerce,15000000.0
Mumbai,Consumer Internet,1250000.0
Bangalore,eCommerce,234000.0
Mumbai,Consumer Internet,50000000.0
Gurgaon,eCommerce,1000000.0
Bangalore,Consumer Internet,1200000.0
New Delhi,Consumer Internet,1000000.0
New Delhi,Consumer Internet,650000.0
Mumbai,Consumer Internet,600000.0
Hyderabad,Consumer Internet,232000.0
Hyderabad,Technology,1500000.0
Bangalore,Technology,1500000.0
Bangalore,Consumer Internet,350000.0
Mumbai,Consumer Internet,300000.0
Hyderabad,Consumer Internet,250000.0
Ahmedabad,Consumer Internet,7800000.0
Bangalore,Technology,500000.0
New Delhi,Healthcare,1000000.0
Mumbai,Consumer Internet,776000.0
Mumbai,Consumer Internet,15000000.0
Bangalore,Technology,5500000.0
Bangalore,Consumer Internet,50000000.0
Noida,Consumer Internet,500000.0
Bangalore,Consumer Internet,12300000.0
Bangalore,eCommerce,1000000.0
Mumbai,Consumer Internet,100000.0
Noida,Technology,2000000.0
Bangalore,Technology,12500000.0
Hyderabad,Technology,4000000.0
Bangalore,Consumer Internet,300000.0
Mumbai,Consumer Internet,5200000.0
Mumbai,eCommerce,2400000.0
Bangalore,Consumer Internet,4500000.0
Hyderabad,Technology,215000.0
Mumbai,Technology,31000000.0
Bangalore,Technology,4600000.0
Mumbai,Consumer Internet,2000000.0
Bangalore,Consumer Internet,500000.0
Mumbai,Consumer Internet,4000000.0
Mumbai,Consumer Internet,1000000.0
Hyderabad,Technology,5000000.0
Bangalore,eCommerce,71000000.0
Noida,Consumer Internet,4000000.0
New Delhi,Consumer Internet,5000000.0
Pune,eCommerce,311000.0
Mumbai,Consumer Internet,3000000.0
Bangalore,Consumer Internet,2000000.0
New Delhi,Consumer Internet,1000000.0
Bangalore,Technology,5000000.0
Gurgaon,Consumer Internet,21000000.0
Hyderabad,Consumer Internet,73700000.0
Gurgaon,eCommerce,10000000.0
Hyderabad,Technology,1500000.0
Bangalore,Logistics,10000000.0
Bangalore,Consumer Internet,390000.0
Bangalore,Consumer Internet,104500000.0
Bangalore,Technology,1000000.0
Bangalore,Consumer Internet,233000.0
Gurgaon,eCommerce,700000.0
New Delhi,Food & Beverage,1000000.0
Bangalore,Technology,5000000.0
Bangalore,Technology,3200000.0
New Delhi,Technology,50000.0
Noida,Consumer Internet,1400000.0
Gurgaon,eCommerce,7700000.0
Bangalore,Consumer Internet,600000.0
Pune,Consumer Internet,4000000.0
New Delhi,Consumer Internet,5000000.0
Mumbai,Consumer Internet,466000.0
Bangalore,eCommerce,1000000.0
Bangalore,Technology,500000.0
Mumbai,Technology,3000000.0
Mumbai,eCommerce,500000.0
Chennai,Consumer Internet,250000.0
Mumbai,Consumer Internet,5300000.0
Mumbai,ECommerce,1000000.0
Bangalore,ECommerce,1400000000.0
Bangalore,Consumer Internet,1000000.0
New Delhi,Logistics,30000000.0
Mumbai,Consumer Internet,500000.0
Gurgaon,Consumer Internet,6600000.0
Mumbai,Consumer Internet,1000000.0
Mumbai,Consumer Internet,580000.0
Gurgaon,Finance,8000000.0
Mumbai,eCommerce,3500000.0
Mumbai,Consumer Internet,1500000.0
Bangalore,Consumer Internet,80000000.0
Kolkata,eCommerce,5000000.0
Gurgaon,Consumer Internet,7000000.0
Mumbai,Consumer Internet,3800000.0
Mumbai,Education,8200000.0
Noida,Healthcare,40000000.0
Chennai,Food & Beverage,2700000.0
Bangalore,Technology,6100000.0
Bangalore,Technology,3690000.0
Pune,Technology,7000000.0
Ahmedabad,Consumer Internet,500000.0
New Delhi,Consumer Internet,500000.0
Mumbai,Consumer Internet,3000000.0
Bangalore,Healthcare,21000000.0
Bangalore,Consumer Internet,5000000.0
Mumbai,eCommerce,18000000.0
Gurgaon,Consumer Internet,4600000.0
Bangalore,Technology,150000.0
Bangalore,Consumer Internet,2300000.0
Bangalore,eCommerce,5500000.0
Bangalore,Technology,100000.0
New Delhi,eCommerce,4000000.0
Mumbai,Logistics,4500000.0
Bangalore,Consumer Internet,4500000.0
Noida,Technology,2100000.0
Gurgaon,Consumer Internet,7700000.0
Bangalore,Consumer Internet,260000000.0
Jaipur,Consumer Internet,310000.0
Gurgaon,Consumer Internet,1500000.0
Mumbai,Food & Beverages,175000.0
New Delhi,Consumer Internet,620000.0
Ahmedabad,Consumer Internet,4650000.0
New Delhi,Technology,2000000.0
Bangalore,Technology,600000.0
Bangalore,Technology,1250000.0
New Delhi,Technology,155000.0
Mumbai,Consumer Internet,3000000.0
Bangalore,Consumer Internet,1000000.0
Pune,Food & Beverage,6300000.0
Gurgaon,Consumer Internet,250000000.0
Mumbai,Consumer Internet,3200000.0
Gurgaon,Consumer Internet,245000.0
Gurgaon,Consumer Internet,3100000.0
Mumbai,Consumer Internet,20000000.0
Mumbai,Technology,11000000.0
Chennai,Consumer Internet,1500000.0
New Delhi,eCommerce,1000000.0
Mumbai,Consumer Internet,3600000.0
Bangalore,Consumer Internet,1500000.0
New Delhi,Consumer Internet,750000.0
Bangalore,Consumer Internet,330000000.0
Bangalore,Consumer Internet,10000000.0
Hyderabad,Consumer Internet,1500000.0
Chennai,Technology,500000.0
Gurgaon,Consumer Internet,2500000.0
Chennai,Consumer Internet,7600000.0
Bangalore,Technology,275000.0
Ahmedabad,Technology,6700000.0
Bangalore,ECommerce,200000000.0
Mumbai,Healthcare,19500000.0
Mumbai,Consumer Internet,1200000.0
Gurgaon,Consumer Internet,150000.0
Mumbai,Consumer Internet,1790000.0
Pune,Technology,10000000.0
Bangalore,Technology,10000000.0
Noida,Technology,1000000.0
New Delhi,Consumer Internet,30000.0
Bangalore,Consumer Internet,3650000.0
Gurgaon,Logistics,15000000.0
Chennai,Technology,1100000.0
Mumbai,Consumer Internet,120000.0
Bangalore,Consumer Internet,500000.0
Mumbai,Consumer Internet,4500000.0
New Delhi,Healthcare,443000.0
Bangalore,Technology,600000.0
Hyderabad,eCommerce,3350000.0
Kolkata,Consumer Internet,100000.0
Mumbai,Consumer Internet,1350000.0
New Delhi,Consumer Internet,3100000.0
Gurgaon,Consumer Internet,200000.0
Bangalore,eCommerce,1400000000.0
Mumbai,Technology,3670000.0
Mumbai,Consumer Internet,5300000.0
Bangalore,Consumer Internet,191000.0
Gurgaon,Consumer Internet,15000000.0
Pune,Technology,56000000.0
Bangalore,Technology,382000.0
New Delhi,Technology,100000000.0
Mumbai,ECommerce,500000.0
Gurgaon,Consumer Internet,300000.0
Mumbai,Consumer Internet,325000.0
Bangalore,eCommerce,650000.0
Bangalore,ECommerce,10000000.0
Bangalore,Consumer Internet,50000.0
Mumbai,Consumer Internet,155000.0
Mumbai,Technology,3000000.0
Bangalore,ECommerce,7000000.0
Pune,Technology,25000000.0
Bangalore,Consumer Internet,2500000.0
Mumbai,Consumer Internet,450000.0
Noida,Consumer Internet,10000000.0
Bangalore,Consumer Internet,1000000.0
Gurgaon,Technology,1200000.0
Mumbai,Consumer Internet,55000000.0
Gurgaon,Consumer Internet,40000.0
Bangalore,ECommerce,6000000.0
Bangalore,ECommerce,8000000.0
Bangalore,ECommerce,500000.0
Bangalore,Technology,5800000.0
Bangalore,Technology,7500000.0
Chennai,Consumer Internet,3200000.0
Gurgaon,Consumer Internet,15000000.0
New Delhi,Consumer Internet,330000.0
Bangalore,Technology,400000.0
Chennai,Consumer Internet,300000.0
Mumbai,Consumer Internet,22400000.0
Bangalore,Consumer Internet,6500000.0
Missourie,Technology,350000.0
Mumbai,Consumer Internet,3000000.0
Bangalore,Consumer Internet,3000000.0
Hyderabad,Technology,500000.0
Bangalore,Consumer Internet,400000.0
Bangalore,ECommerce,15200000.0
Mumbai,eCommerce,40000.0
Gurgaon,Consumer Internet,40000.0
Bangalore,eCommerce,38700000.0
Gurgaon,Consumer Internet,15000000.0
Bangalore,Consumer Internet,40000.0
New Delhi,Consumer Internet,1100000.0
Gurgaon,Consumer Internet,375000.0
Bangalore,ECommerce,94000.0
New Delhi,Consumer Internet,1000000.0
Bangalore,Logistics,70000000.0
Pune,Consumer Internet,366000.0
Panaji,Technology,825000.0
Mumbai,Logistics,13000000.0
Mumbai,Consumer Internet,57000000.0
Chennai,Consumer Internet,35000000.0
Mumbai,Technology,800000.0
Mumbai,Technology,5000000.0
Gurgaon,Consumer Internet,2250000.0
Bangalore,Consumer Internet,100000.0
Bangalore,eCommerce,3500000.0
Bangalore,Consumer Internet,1350000.0
Gurgaon,Consumer Internet,10000000.0
Mumbai,Technology,4100000.0
Bangalore,Consumer Internet,440000.0
Bangalore,Consumer Internet,4500000.0
Bangalore,Consumer Internet,5000000.0
Mumbai,Consumer Internet,700000.0
Bangalore,Consumer Internet,800000.0
Bangalore,Consumer Internet,2000000.0
Bangalore,Consumer Internet,55000000.0
New Delhi,Consumer Internet,441000.0
Gwalior,Consumer Internet,500000.0
Bangalore,Consumer Internet,147000.0
New Delhi,eCommerce,650000.0
Bangalore,Technology,300000.0
Mumbai,Consumer Internet,1000000.0
New Delhi,Consumer Internet,50000.0
New Delhi,Technology,15000000.0
Bangalore,Consumer Internet,500000.0
Hyderabad,Consumer Internet,10000000.0
Bangalore,Consumer Internet,4000000.0
Pune,Technology,4000000.0
Bangalore,Technology,2200000.0
Ahmedabad,eCommerce,8800000.0
Ahmedabad,Consumer Internet,1400000.0
Chennai,Consumer Internet,300000.0
Mumbai,Technology,106000.0
New Delhi,Technology,22500.0
Mumbai,eCommerce,68000.0
Bangalore,Consumer Internet,18000.0
New Delhi,eCommerce,2000000.0
Noida,Technology,1200000.0
New Delhi,Consumer Internet,4000000.0
New Delhi,Consumer Internet,3600000.0
New Delhi,Consumer Internet,100000.0
Mumbai,Technology,3000000.0
Bangalore,eCommerce,1400000.0
New Delhi,Consumer Internet,147000.0
New Delhi,Consumer Internet,9000000.0
Bangalore,Consumer Internet,440000.0
Mumbai,Consumer Internet,6500000.0
Gurgaon,Consumer Internet,250000.0
New Delhi,eCommerce,6000000.0
Bangalore,Technology,450000.0
Jaipur,Technology,250000.0
Bangalore,Technology,10000000.0
New Delhi,Consumer Internet,200000.0
Gurgaon,Consumer Internet,2000000.0
New Delhi,Food & Beverage,2000000.0
Gurgaon,Consumer Internet,10000000.0
Gurgaon,eCommerce,11100000.0
Gurgaon,Consumer Internet,150000.0
New Delhi,Consumer Internet,1000000.0
Indore,Consumer Internet,297000.0
Pune,Consumer Internet,100000.0
Mumbai,Technology,10000000.0
Mumbai,Technology,35000000.0
Mumbai,Technology,3000000.0
Hyderabad,Technology,23000000.0
New Delhi,Consumer Internet,123000.0
Bangalore,Consumer Internet,7400000.0
Mumbai,eCommerce,50000.0
Bangalore,Consumer Internet,15000000.0
Bangalore,Consumer Internet,500000.0
Chennai,eCommerce,162000.0
New Delhi,Consumer Internet,324000.0
Bangalore,eCommerce,300000.0
Bangalore,Technology,2000000.0
Mumbai,Consumer Internet,1200000.0
Gurgaon,Logistics,10000000.0
Bangalore,eCommerce,5000000.0
Bangalore,Consumer Internet,1000000.0
New Delhi,Consumer Internet,200000.0
Chennai,Consumer Internet,55000000.0
Bangalore,Consumer Internet,150000.0
Chennai,Technology,6000000.0
Noida,Consumer Internet,10000000.0
Bangalore,Logistics,1000000.0
New Delhi,Technology,150000.0
New Delhi,eCommerce,45000.0
Mumbai,eCommerce,3000000.0
Gurgaon,Technology,75000000.0
Mumbai,Consumer Internet,3000000.0
New Delhi,Consumer Internet,2000000.0
Gurgaon,Consumer Internet,12000000.0
New Delhi,Consumer Internet,1000000.0
Singapore,Technology,3000000.0
Pune,Technology,2000000.0
Bangalore,eCommerce,6000000.0
Bangalore,Technology,4000000.0
Bangalore,Technology,5000000.0
New Delhi,eCommerce,13500000.0
Mumbai,Consumer Internet,147000.0
New Delhi,Finance,1000000.0
Gurgaon,Consumer Internet,90000.0
Gurgaon,Technology,650000.0
Mumbai,Consumer Internet,5000000.0
Bangalore,Consumer Internet,147000.0
Bangalore,Technology,5000000.0
Mumbai,Consumer Internet,147000.0
Bangalore,Consumer Internet,20000000.0
Mumbai,Technology,600000.0
Bangalore,eCommerce,10000000.0
Mumbai,Consumer Internet,4000000.0
Bangalore,Consumer Internet,100000.0
Jaipur,eCommerce,2000000.0
New Delhi,Consumer Internet,3000000.0
Goa,Consumer Internet,1000000.0
Bangalore,eCommerce,963000.0
Bangalore,eCommerce,150000.0
Bangalore,Technology,200000.0
Bangalore,Technology,2000000.0
Noida,Food & Beverage,218000.0
Pune,Technology,100000.0
Vadodara,Consumer Internet,440000.0
Bangalore,Consumer Internet,500000.0
Mumbai,Consumer Internet,500000.0
Bangalore,Consumer Internet,5000000.0
Chennai,Technology,2000000.0
Gurgaon,eCommerce,200000.0
Bangalore,eCommerce,450000.0
Noida,eCommerce,2000000.0
Noida,eCommerce,4200000.0
Hyderabad,Consumer Internet,3000000.0
Mumbai,Consumer Internet,1000000.0
Gurgaon,Consumer Internet,2500000.0
Mumbai,Consumer Internet,3750000.0
Mumbai,Technology,1200000.0
Noida,Technology,300000.0
Bangalore,eCommerce,1050000.0
Bangalore,Technology,100000.0
Mumbai,Technology,2200000.0
Mumbai,Consumer Internet,15000000.0
New Delhi,eCommerce,375000.0
Bangalore,Consumer Internet,50000000.0
Gurgaon,Consumer Internet,500000.0
Noida,ecommerce,2000000.0
Ahmedabad,Technology,450000.0
New Delhi,Consumer Internet,25000.0
Bangalore,Consumer Internet,7000000.0
Hyderabad,Finance,6000000.0
Bangalore,Consumer Internet,25000000.0
Hyderabad,Consumer Internet,227000.0
Mumbai,Consumer Internet,1000000.0
Gurgaon,Consumer Internet,300000.0
Mumbai,Others,16000000.0
New Delhi,Technology,150000.0
Noida,Technology,2500000.0
Bangalore,Consumer Internet,30000000.0
Bangalore,Consumer Internet,1100000.0
Mumbai,Technology,750000.0
Mumbai,Consumer Internet,300000.0
Gurgaon,Consumer Internet,3000000.0
Mumbai,Consumer Internet,7500000.0
Bangalore,eCommerce,6000000.0
Mumbai,Consumer Internet,500000.0
Gurgaon,Technology,100000.0
New Delhi,Consumer Internet,1000000.0
Ahmedabad,eCommerce,1000000.0
Bangalore,Consumer Internet,700000.0
Chennai,Technology,971000.0
Bangalore,Technology,27000000.0
New Delhi,Technology,100000.0
Chennai,Technology,100000.0
Bangalore,Technology,100000.0
Bangalore,Technology,750000.0
Mumbai,Consumer Internet,1000000.0
Kolkata,Technology,6700000.0
Chennai,eCommerce,1350000.0
Mumbai,Consumer Internet,500000.0
Mumbai,Consumer Internet,900000.0
Bangalore/ Bangkok,eCommerce,8000000.0
New Delhi,Consumer Internet,500000.0
Bangalore,Education,6000000.0
Gurgaon,eCommerce,315000.0
Bangalore,Education,670000.0
Bangalore,eCommerce,200000.0
Bangalore,Education,50000000.0
New Delhi,Consumer Internet,150000.0
Noida,Consumer Internet,450000.0
Mumbai,Consumer Internet,448000.0
Pune,Technology,3000000.0
Mumbai,eCommerce,12300000.0
Noida,Consumer Internet,300000.0
Gurgaon,Consumer Internet,2500000.0
Bangalore,Consumer Internet,150000.0
Gurgaon,Consumer Internet,200000.0
Bangalore,eCommerce,5000000.0
Bangalore,Consumer Internet,1500000.0
Hyderabad,Consumer Internet,100000.0
Gurgaon,Consumer Internet,1000000.0
Bangalore,Consumer Internet,750000.0
Bangalore,Consumer Internet,15000000.0
Hyderabad,eCommerce,500000.0
Bangalore,Consumer Internet,1000000.0
Mumbai,eCommerce,31300000.0
Ahmedabad,eCommerce,298000.0
New Delhi,Consumer Internet,350000.0
New Delhi,Consumer Internet,6000000.0
Bangalore,Technology,425000.0
Bangalore,Technology,1000000.0
Pune,Technology,745000.0
Chennai,Technology,6000000.0
Bangalore,Consumer Internet,1580000.0
Ahmedabad,eCommerce,500000.0
Indore,Consumer Internet,1000000.0
Hyderabad,Consumer Internet,1000000.0
Pune,Technology,51000000.0
New Delhi,eCommerce,180000.0
Bangalore,Consumer Internet,1500000.0
Mumbai,Technology,19000000.0
Gurgaon,eCommerce,12000000.0
Bangalore,Consumer Internet,200000.0
Pune,Consumer Internet,275000.0
Bangalore,eCommerce,3000000.0
Pune,Consumer Internet,2500000.0
Noida,Consumer Internet,1800000.0
Mumbai,Food & Beverage,1000000.0
Gurgaon,Consumer Internet,225000.0
Mumbai,Consumer Internet,890000.0
Bangalore,Consumer Internet,500000.0
Kerala,Technology,27000.0
Mumbai,Others,40000.0
Gurgaon,eCommerce,445000.0
Mumbai,Consumer Internet,200000.0
Bangalore,Consumer Internet,500000.0
New Delhi,eCommerce,600000.0
Bangalore,Consumer Internet,7000000.0
Mumbai,Consumer Internet,209000.0
Hyderabad,Technology,15000000.0
Gurgaon,Technology,1500000.0
Gurgaon,Consumer Internet,1500000.0
Noida,Technology,15600000.0
Gurgaon,Technology,500000.0
New Delhi,Consumer Internet,62000000.0
New Delhi,Consumer Internet,175000000.0
Mumbai,eCommerce,500000.0
Ahmedabad,eCommerce,1500000.0
Pune,Technology,250000.0
Indore,Logistics,375000.0
Bangalore,Technology,675000.0
Mumbai,Consumer Internet,20000000.0
Bangalore,Technology,375000.0
Mumbai,healthcare,37000000.0
New Delhi,Consumer Internet,100000.0
New Delhi,Technology,200000.0
Bangalore,Consumer Internet,1000000.0
Chandigarh,Technology,100000.0
Bangalore,eCommerce,500000.0
Mumbai,eCommerce,500000.0
Noida,Education,900000.0
Mumbai,eCommerce,3000000.0
Bangalore,Healthcare,3000000.0
Bangalore,Consumer Internet,24000000.0
Gurgaon,Consumer Internet,500000.0
Gurgaon,Consumer Internet,40000000.0
Mumbai,Consumer Internet,550000.0
Mumbai,Consumer Internet,3000000.0
Bangalore,Consumer Internet,7000000.0
Chennai,Consumer Internet,1000000.0
Bangalore,Consumer Internet,15000000.0
Gurgaon,Technology,149000.0
New Delhi,Consumer Internet,104000.0
Bangalore,eCommerce,60000000.0
Bangalore,Technology,2000000.0
Bangalore,Consumer Internet,3000000.0
Mumbai,eCommerce,5300000.0
Mumbai,Consumer Internet,500000.0
Bangalore,Consumer Internet,700000.0
Bangalore,Consumer Internet,15000000.0
Mumbai,eCommerce,200000.0
Mumbai,Logistics,2000000.0
Mumbai,Finance,16000000.0
Gurgaon,Consumer Internet,1000000.0
Mumbai,Consumer Internet,82000000.0
Mumbai,eCommerce,1700000.0
New Delhi,eCommerce,740000.0
Ahmedabad,Technology,250000.0
Chennai,Consumer Internet,297000.0
Mumbai,Technology,2000000.0
New Delhi,Consumer Internet,1000000.0
Mumbai,Consumer Internet,1950000.0
Mumbai,eCommerce,6000000.0
Gurgaon,Technology,3500000.0
Gurgaon,eCommerce,3000000.0
Gurgaon,Technology,12250000.0
New Delhi,Consumer Internet,5000000.0
Gurgaon,Consumer Internet,600000.0
Bangalore,Consumer Internet,1350000.0
Bangalore,Consumer Internet,5000000.0
Coimbatore,eCommerce,450000.0
Pune,Technology,1070000.0
Pune,Technology,1000000.0
Bangalore,Consumer Internet,2000000.0
New Delhi,eCommerce,250000.0
Mumbai,Consumer Internet,6000000.0
Pune,Consumer Internet,650000.0
New Delhi,Consumer Internet,650000.0
Mumbai,eCommerce,30000000.0
New Delhi,Technology,10000000.0
Noida,Consumer Internet,15000000.0
Bangalore,Technology,1000000.0
Gurgaon,Consumer Internet,250000.0
Jaipur,Consumer Internet,1000000.0
Mumbai,Logistics,595000.0
New Delhi,Consumer Internet,1000000.0
Bangalore,Consumer Internet,595000.0
Mumbai,Technology,1000000.0
Mumbai,Consumer Internet,1000000.0
Chennai,Consumer Internet,75000.0
New Delhi,Healthcare,2000000.0
Hyderabad,Consumer Internet,448000.0
Bangalore,Education,4000000.0
Bangalore,Consumer Internet,2000000.0
Bangalore,Technology,100000.0
Pune,Technology,23000000.0
Mumbai,Technology,1000000.0
Hyderabad,Consumer Internet,1000000.0
Mumbai,eCommerce,500000.0
Mumbai,Technology,200000.0
Bangalore,eCommerce,16000000.0
Gurgaon,Consumer Internet,200000.0
Mumbai,Technology,2000000.0
New Delhi,Consumer Internet,500000.0
Mumbai,eCommerce,1000000.0
Bangalore,Technology,6000000.0
Pune,Consumer Internet,1000000.0
Bangalore,Consumer Internet,4400000.0
Vadodara,Consumer Internet,450000.0
New Delhi,Consumer Internet,450000.0
Gurgaon,Consumer Internet,600000.0
Bangalore,eCommerce,20000000.0
New Delhi,Consumer Internet,12000000.0
Bangalore,Technology,900000.0
Bangalore,Technology,5200000.0
Mumbai,Consumer Internet,150000.0
Bangalore,Technology,400000.0
Mumbai,Consumer Internet,225000.0
Chennai,FMCG,150000.0
Mumbai,eCommerce,6000000.0
Pune,Consumer Internet,150000.0
New Delhi,Technology,3500000.0
Bangalore,Consumer Internet,210000.0
Mumbai,Consumer Internet,50000.0
Bangalore,Technology,500000.0
Mumbai,Logistics,6000000.0
Mumbai,Others,3000000.0
New Delhi,Others,148000.0
Bangalore,Consumer Internet,1200000.0
Bangalore,Consumer Internet,100000.0
Bangalore,Consumer Internet,3000000.0
Gurgaon,Consumer Internet,8000000.0
Ahmedabad,Technology,300000.0
Ahmedabad,Consumer Internet,32000000.0
New Delhi,Consumer Internet,295000.0
New Delhi,eCommerce,100000.0
Kolkata,Technology,50000.0
Mumbai,eCommerce,1500000.0
Mumbai,Consumer Internet,25000000.0
Bangalore,Consumer Internet,220000.0
Gurgaon,Food & Beverage,368000.0
New Delhi,Technology,376000.0
Pune,Consumer Internet,145000.0
Gurgaon,Consumer Internet,50000000.0
Bangalore,Consumer Internet,250000.0
Mumbai,Consumer Internet,180000.0
Mumbai,Consumer Internet,200000.0
New Delhi,eCommerce,60000000.0
Mumbai,Technology,12000000.0
Chennai,Technology,200000.0
Pune,Technology,200000.0
Hyderabad,eCommerce,150000.0
Singapore,Technology,500000.0
New Delhi,Technology,500000.0
Bangalore,Consumer Internet,500000.0
Bangalore,Consumer Internet,375000.0
Lucknow,Education,1000000.0
Hyderabad,Logistics,75000.0
Bangalore,Technology,2750000.0
Bangalore,Consumer Internet,450000.0
New Delhi,eCommerce,250000.0
Bangalore,Consumer Internet,6000000.0
Chennai,Consumer Internet,1500000.0
Chennai,Technology,18000000.0
Mumbai,eCommerce,1500000.0
Bangalore,Consumer Internet,7000000.0
Bangalore,Consumer Internet,900000.0
Mumbai,Technology,100000000.0
Bangalore,Consumer Internet,500000.0
Bangalore,Consumer Internet,25000000.0
Hyderabad,Healthcare,150000.0
Chennai,Consumer Internet,13500000.0
Mumbai,Logistics,2200000.0
Delhi,eCommerce,1000000.0
Bangalore,Consumer Internet,250000.0
Trivandrum,Consumer Internet,100000.0
Mumbai,Education,10000000.0
Bangalore,Reality,1000000.0
Mumbai,Consumer Internet,1000000.0
New Delhi,Consumer Internet,500000.0
New Delhi,Consumer Internet,500000.0
Noida,Consumer Internet,300000.0
New Delhi,Consumer Internet,89000.0
Bangalore,Consumer Internet,1000000.0
Bangalore,Healthcare,1500000.0
Pune,Technology,100000.0
Bangalore,Consumer Internet,2000000.0
New Delhi,Consumer Internet,475000.0
Mumbai,Technology,200000.0
New Delhi,eCommerce,4400000.0
Mumbai,Consumer Internet,8900000.0
Mumbai,Consumer Internet,175000.0
SFO / Bangalore,Consumer Internet,2700000.0
Mumbai,Consumer Internet,25000000.0
Gurgaon,Logistics,1000000.0
Bangalore,Consumer Internet,500000.0
Mumbai,Consumer Internet,6000000.0
Bangalore,Consumer Internet,1000000.0
New Delhi,Consumer Internet,40000.0
Mumbai,Consumer Internet,200000.0
New Delhi,Consumer Internet,100000000.0
Gurgaon,Consumer Internet,300000.0
Bangalore,Consumer Internet,1000000.0
New Delhi,Consumer Internet,1000000.0
Pune,Consumer Internet,150000.0
Mumbai,eCommerce,250000.0
Bangalore,eCommerce,750000.0
Mumbai,Technology,100000.0
New Delhi,Consumer Internet,1000000.0
New Delhi,Consumer Internet,15000000.0
Bangalore,Consumer Internet,30000000.0
Bangalore,Consumer Internet,150000.0
Chandigarh,Consumer Internet,10000000.0
Noida,eCommerce,1500000.0
Chennai,Consumer Internet,450000.0
New Delhi,Consumer Internet,2000000.0
Gurgaon,eCommerce,15000000.0
Bangalore,eCommerce,3000000.0
New Delhi,Consumer Internet,450000.0
Hyderabad,Consumer Internet,200000.0
Bangalore,Food & Beverage,550000.0
Mumbai,Consumer Internet,15000000.0
Bangalore,Consumer Internet,1300000.0
Gurgaon,eCommerce,15000000.0
Gurgaon,Consumer Internet,500000.0
New Delhi,Consumer Internet,450000.0
Mumbai,Consumer Internet,600000.0
Bangalore,Consumer Internet,1200000.0
Mumbai,Consumer Internet,500000.0
New Delhi,eCommerce,100000.0
Noida,Consumer Internet,600000.0
Bangalore,Technology,1400000.0
Mumbai,Education,1000000.0
New Delhi,Consumer Internet,500000.0
Chennai,ECommerce,1000000.0
Kolkata,Consumer Internet,150000.0
Gurgaon,Consumer Internet,100000.0
Gurgaon,Healthcare,4000000.0
Noida,Consumer Internet,500000.0
Bangalore,ECommerce,3000000.0
Bangalore,Consumer Internet,500000.0
New Delhi,Consumer Internet,250000.0
Bangalore,Consumer Internet,100000.0
Bangalore,Consumer Internet,750000.0
New Delhi,ECommerce,8000000.0
Bangalore,Consumer Internet,650000.0
Noida,Technology,500000.0
Bangalore,Real Estate,2500000.0
Hyderabad,Consumer Internet,1000000.0
Mumbai,Consumer Internet,400000.0
New Delhi,Food & Beverage,11100000.0
Pune/Seattle,Technology,15000000.0
New Delhi,ECommerce,1000000.0
Bangalore,ECommerce,223608.0
New Delhi,Logistics,14900000.0
Bangalore,Consumer Internet,1000000.0
Pune,Technology,150000.0
Gurgaon,Consumer Internet,250000.0
Bangalore,Consumer Internet,180000.0
Bangalore,Consumer Internet,250000.0
Noida,Healthcare,200000.0
Gurgaon,Consumer Internet,230000.0
Mumbai,Consumer Internet,800000.0
Mumbai,Consumer Internet,108000.0
Hyderabad,Food & Beverage,1500000.0
New Delhi,Consumer Internet,30000.0
Gurgaon,Consumer Internet,2000000.0
Bangalore,Consumer Internet,75000000.0
Bangalore,eCommerce,150000000.0
Bangalore,Consumer Internet,600000.0
Hyderabad,Consumer Internet,360000.0
Hyderabad,Technology,100000.0
Chennai,Technology,300000.0
Hyderabad,Consumer Internet,330000.0
Bangalore,Consumer Internet,500000.0
Gurgaon,Consumer Internet,150000.0
Noida,eCommerce,300000.0
New Delhi,Consumer Internet,300000.0
Chennai,Finance,4700000.0
New Delhi,Consumer Internet,200000.0
Chennai,Consumer Internet,500000.0
Bangalore,Healthcare,400000.0
Pune,Technology,4000000.0
Bangalore,Consumer Internet,22500.0
Gurgaon,Technology,22500.0
Mumbai,Technology,22500.0
Pune / Dubai,Consumer Internet,1000000.0
New Delhi,ECommerce,100000.0
Noida,Consumer Internet,100000.0
Bangalore,Consumer Internet,30000.0
New Delhi,ECommerce,30000.0
Bangalore / SFO,Technology,13500000.0
Vadodara,Ecommerce,1000000.0
Pune,Consumer Internet,81000.0
Varanasi,Consumer Internet,52000.0
New Delhi,Ecommerce,1000000.0
Gurgaon,Consumer Internet,100000.0
New Delhi,Consumer Internet,100000.0
Pune,ECommerce,12500000.0
Mumbai,Consumer Internet,200000.0
Bangalore,Consumer Internet,1200000.0
Pune,Technology,150000.0
Bangalore,Technology,125000.0
New Delhi,Food & Beverage,1000000.0
Mumbai,Technology,1000000.0
Mumbai,Consumer Internet,4000000.0
Mumbai,Consumer Internet,5000000.0
New Delhi,eCommerce,200000000.0
Gurgaon,Consumer Internet,50000.0
Bangalore,Consumer Internet,300000.0
Bangalore,Finance,500000.0
Bangalore,Consumer Internet,1000000.0
Bangalore,Technology,970000.0
Pune,eCommerce,4000000.0
New Delhi,Technology,350000.0
Mumbai,Consumer Internet,10000000.0
New Delhi,Education,5000000.0
Ahmedabad,Consumer Internet,73000.0
New Delhi,ECommerce,300000.0
Bangalore,Technology,350000.0
New Delhi,ECommerce,5000000.0
Gurgaon,Consumer Internet,400000.0
Bangalore,Consumer Internet,1000000.0
New Delhi,Consumer Internet,3000000.0
New Delhi,Consumer Internet,100000.0
Mumbai,Consumer Internet,4500000.0
New Delhi,Consumer Internet,37000.0
Gurgaon,Consumer Internet,11000000.0
Bangalore,Consumer Internet,160000.0
Bangalore,Consumer Internet,10000000.0
Hyderabad,Consumer Internet,400000.0
Noida,Consumer Internet,150000.0
Gurgaon,eCommerce,5000000.0
Bangalore,Consumer Internet,5800000.0
New Delhi,eCommerce,70000.0
New Delhi,Technology,145000.0
Mumbai,Consumer Internet,2500000.0
Mumbai,eCommerce,13000000.0
New Delhi,Food & Beverage,6000000.0
Bhopal,Education,100000.0
Bangalore,Consumer Internet,150000.0
Mumbai,Consumer Internet,5000000.0
Bangalore,Technology,750000.0
Ahmedabad,Consumer Internet,1000000.0
Pune,Healthcare,150000.0
Gurgaon,Education,3000000.0
New Delhi,Education,750000.0
Bangalore,Consumer Internet,160000.0
Jaipur,Education,100000.0
Gurgaon,Consumer Internet,180000000.0
Bangalore,ECommerce,5000000.0
Bangalore,Consumer Internet,250000.0
Mumbai,Education,45000.0
Gurgaon,ECommerce,5400000.0
Bangalore,Consumer Internet,16500000.0
Bangalore,ECommerce,1000000.0
Gurgaon,ECommerce,100000000.0
Bangalore,Technology,2300000.0
Mumbai,Consumer Internet,250000.0
Mumbai,Consumer Internet,145000000.0
Bangalore,Consumer Internet,100000.0
New Delhi,Consumer Internet,240000.0
Mumbai,Healthcare,4000000.0
Gurgaon,Consumer Internet,520000.0
Gurgaon,Consumer Internet,200000.0
New Delhi,Consumer Internet,6000000.0
Bangalore,Consumer Internet,35000000.0
New Delhi,ECommerce,1400000.0
Mumbai,Technology,5000000.0
New Delhi,Consumer Internet,445000.0
Chennai,Finance,3500000.0
New Delhi,ECommerce,1800000.0
Mumbai,ECommerce,20000000.0
New Delhi / US,ECommerce,4000000.0
Mumbai / UK,Consumer Internet,40000.0
Bangalore,Consumer Internet,500000.0
Noida,Consumer Internet,2200000.0
Mumbai,Consumer Internet,15000000.0
Bangalore,Technology,3000000.0
Kanpur,Consumer Internet,200000.0
Bangalore,ECommerce,7200000.0
Bangalore,Technology,515000.0
Mumbai,Technology,35000000.0
Bangalore,Technology,30000000.0
Mumbai,Consumer Internet,150000.0
Gurgaon,Consumer Internet,21000000.0
Gurgaon,ECommerce,4000000.0
Bangalore,Technology,1000000.0
Hyderabad,Technology,1000000.0
Mumbai,FMCG,370000.0
Jodhpur,Consumer Internet,160000.0
Bangalore,Consumer Internet,185000.0
Bangalore,Consumer Internet,17000000.0
Mumbai,ECommerce,5150000.0
New Delhi,Technology,1100000.0
Jaipur,Online Education Information platform,1000000.0
Mumbai,Transportation & Logistics Platform,5600000.0
New Delhi,Enterprise Marketing Automation platform,500000.0
New Delhi,Digital Healthcare,2000000.0
Bangalore,Last Minute Hotel Booking App,1500000.0
New Delhi,Online Food ordering & Delivery platform,100000.0
Gurgaon,App based Bus Pooling Services,20000000.0
Kolkata,On Demand Mobile app developer,100000.0
Gurgaon,Car Maintenance & Management mobile app,100000.0
New Delhi,Online Wedding Marketplace,20000000.0
Hyderabad,Custom Made furniture e-tailer,4500000.0
Pune,QSR Chain,30000000.0
New Delhi,Smart Safety Wearable Devices,250000.0
Mumbai,Cab Sharing service Mobile app,100000.0
Gurgaon,Home Cooked Food Order & Delivery platform,2000000.0
Bangalore,Online School for Analytics learning,3000000.0
Mumbai,Picture creation & Social mobile app,350000.0
New Delhi,Nonbanking finance company,3000000.0
Bangalore,Online Freight Services Aggregator,25000000.0
Bangalore,Online Branded Furniture etailer,5000000.0
New Delhi,Digital Analytics Platform,500000.0
New Delhi,Internet Network Infrastructure Services,500000.0
New Delhi,Supply Chain & Logistics Solutions,10000000.0
Hyderabad,Mobile Point of Sale solutions,2500000.0
Mumbai,Peer-to-Peer Money Transfer & Recharge App,70000000.0
Hyderabad/USA,Test Automation SAAS platform,600000.0
Bangalore,Online RTI application services,150000.0
Mumbai,Wedding Venues & Vendors Marketplace,1000000.0
Bangalore,Modular Furnishings Marketplace,3500000.0
New Delhi,Cab search Comparison & Booking platform,200000.0
Boston,Performance Optimization Platform for athletes,3000000.0
Bangalore / Palo Alto,visual search and discovery platform,1000000.0
Bangalore,Home services marketplace,22500000.0
Bangalore,End to End reverse logistics Solution platform,2000000.0
Mumbai,Virtual Health consultation app,1200000.0
Gurgaon,Logistics Services Provider,30000000.0
Bangalore,Data Science & UX design Learning platform,1700000.0
Coimbatore,Electric Bike Manufacturers,1200000.0
Mumbai / NY,International Hiring Platform,200000.0
New Delhi,Logistics Service Provider Marketplace,2000000.0
Gurgaon,Hyperlocal\\xc2\\xa0 Grocery Delivery Service,4000000.0
Mumbai,Sports Education Platform,2000000.0
Hyderabad,Mobile accessories online store,3000000.0
Mumbai,Artificial Intelligence platform,750000.0
Gurgaon,Medical Consultation & Doctor appointment booking platform,500000.0
Goa,Mobile Fitness App,1000000.0
Bangalore,Mobile Game development & Design platform,1000000.0
Bangalore,B2B eCommerce Marketplace,5000000.0
Mumbai,B2B Merchandize platform,303000.0
Bangalore,Photographer Online search & booking platform,2200000.0
Bangalore,Grocery Delivery platform,1000000.0
Bangalore,Mobile Car Servicing appointment app,500000.0
Bangalore,New Curation Mobile App,150000.0
Gurgaon,Mobile Wallet,6600000.0
Gurgaon,Online Food Ordering & Delivery platform,200000.0
Mumbai,Bus Aggregation and rental mobile app,750000.0
Mumbai,Alternate Mobile Monetization platform,5000000.0
Vadodara,Online Food Ordering Marketplace,150000.0
Mumbai,Quick Service Restaurant & Online Delivery,385000.0
Mumbai,Online Loans Marketplace,320000.0
New Delhi,Budget Hotels Aggregator,500000.0
USA/India,Efficient Energy Management platform,16600000.0
Mumbai,Digital Intelligent learning platform,250000.0
Gwalior,Online Counselling and psychological support platform,400000.0
Mumbai,Domestic Help Aggregation platform,150000.0
Goa,Home Stay & room rentals platform,200000.0
Gurgaon,Online Grocery platform,1800000.0
New Delhi,Online content platform for women,2000000.0
Pune,Online Vehicle Spare Parts etailer,460000.0
Pune,Event Ticketing platform,490000.0
Gurgaon,Premium dining Lounges & restaurants,15000000.0
Hyderabad,Mobile Growth Hacking\\nPlatform,500000.0
Bangalore,Skill Training Startup,1500000.0
Mumbai,Beauty and Wellness Marketplace,1000000.0
Bangalore/ Bangkok,Marketplace App for Bangkok,1900000.0
Mumbai,On-demand Maids Service Provider,150000.0
Mumbai,eCommerce Product Search Engine,150000.0
Mumbai,Ready to cook packaged Foods,6000000.0
Bangalore,Branded Food products online sales,600000.0
Gurgaon,Auto Insurance Online platform,500000.0
Hyderabad,Cricket Management Mobile Game,250000.0
Gurgaon,Ecommerce Discount & Cashback coupons platform,3700000.0
Bangalore,Virtual Reality Headset creator,180000.0
New Delhi,mobile-only tasks marketplace,15000000.0
Mumbai,Women Ethnic Wear\\xc2\\xa0 Online Marketplace,34000000.0
Bangalore,Numerical Computing & Data Science Platform,600000.0
Bangalore,Designer fashion Jewellery Marketplace,7500000.0
Gurgaon,Online Products Discovery Platform,200000.0
Bangalore,Kids Tool kit for Innovation platform,530000.0
Noida / Singapore,Mobile Learning Solutions,300000.0
Bangalore,Car Aggregator & Retail Mobile App,500000000.0
Bangalore,conversational commerce mobile app,2500000.0
New Delhi,Viral Content web Platform,4000000.0
Gurgaon,Mobile Services Marketplace,25000000.0
Belgaum,Smartwatch Maker,500000.0
New Delhi,Online Jewellery etailer,455000.0
Pune / US,Sales & Productivity Software,12500000.0
Bangalore,Health-Tech platform,305000.0
Mumbai,Nightlife Discovery Mobile App,150000.0
Bangalore,Online Real Estate Marketplace,3000000.0
Bangalore,Indian Ethnic Crafts Etailer,1200000.0
Bangalore,Social platform for traders and investors,100000.0
Bangalore,"Online Furniture, Home Appliances Rental Platform",2000000.0
Bangalore,Healthcare Services Discovery platform,100000.0
Gurgaon,Health and Beauty Services Marketplace,250000.0
Mumbai,Online and TV Shopping Marketplace,52000000.0
Mumbai,Mobile App based Loan disbursement platform,1500000.0
New Delhi,On Demand Laundry Services App,110000.0
New Delhi,Education Content Provider,27000000.0
Mumbai,Fitness Tracking Management Solutions,13400000.0
Gurgaon,Hyper-local Grocery Delivery platform,120000000.0
Gurgaon,Hyperlocal healthcare product Delivery Service provider,1000000.0
Mumbai,Self Driven Rental Car Platform,2000000.0
Gurgaon,Two-Wheeler Taxi Service,1450000.0
Mumbai,character merchandize sales platform,540000.0
Bangalore,Ecommerce Delivery locker services,9000000.0
Singapore,Movie-on-demand platform,350000.0
Bangalore,Product discovery & recommendation platform,2000000.0
Mumbai,Mobile Payments App,6000000.0
Mumbai,Beauty & Wellness Products e-tailer,9500000.0
Jaipur,Fashion jewelry and accessories e-tailer,15000000.0
New Delhi,Online Consumer Lending platform,1000000.0
New Delhi,Premium Apparel shopping portal,150000.0
Pune,Exclusive Platform for Doctors & Healthcare professionals,700000.0
Mumbai,Job Board,500000.0
Bangalore,Sports Management & Physical Education Business,10000000.0
Gurgaon,QSR & Online delivery portal,500000.0
Mumbai,Online Homeopathy Clinic,6000000.0
Mumbai,E-Learning Service Provider,3000000.0
Gurgaon,Delivery & Logistics Service provider,20000000.0
Mumbai,Home Cooked Food marketplace & Delivery,2000000.0
New Delhi,Gesture based Mobile Development,7700000.0
Bangalore,Rental Accommodation Search platform,10000000.0
Mumbai,Logistics Tech Platform,310000.0
Hyderabad,Developer Portfolio Showcase platform,70000.0
Bangalore / San Mateo,End-to-End Lending platform,8000000.0
Mumbai,on-demand healthcare marketplace,300000.0
New Delhi,Advertising & Marketing Community Networking platform,1000000.0
New Delhi,Food Ordering & Delivery App,77000.0
Hyderabad,Ride Sharing platform,190000.0
Ahmedabad,Cloud Based Collaboration platform,100000.0
New Delhi,Mobile Only Shopping Assistant,1000000.0
Bangalore,Mobile Messaging Assistant App,2500000.0
Noida,Personalized Wish List creator app,50000.0
Gurgaon,Raw Meat & Ready to eat food etailer,77000.0
Mumbai,Structural & Civil Engg Service Automation,1000000.0
Mumbai,Payments Solution platform,25000000.0
New Delhi,Travel Destination Discovery platform,100000.0
Bangalore,Last Mile Delivery Service,7000000.0
Chennai,Healthcare IT Solutions & services,10000000.0
New York/ India,Real Estate Mobile CRM,2950000.0
Mumbai,Micro-Brewery,1530000.0
Gurgaon,Home Made Food Marketplace,100000.0
Bangalore,residential rental management platform,640000.0
Mumbai,Personal Diagnostic Mobile App,150000.0
Gurgaon,Online food ordering & Delivery service,150000.0
Gurgaon,Online food ordering & Delivery service,1000000.0
New Delhi,Hotel Aggregator & booking platform,250000.0
Bangalore,Online Logistics Platform,5000000.0
Ahmedabad,Online Student & Campus Social Networking platform,400000.0
New Delhi,Professionals & Project Search Marketplace,500000.0
Chennai,Online Pharmacy,50000000.0
Jaipur,Online Payment Gateway,9000000.0
Mumbai,Location based Nightlife recommendation\\xc2\\xa0 Platform,77000.0
Mumbai,Professional Health Services Platform,350000.0
Bangalore,Hyperlocal Logistics Service,10000000.0
Mumbai,Asset Financing platform,1100000.0
New Delhi,Virtual Reality activity based learning platform,200000.0
Mumbai,Public Commute helper App,450000.0
Mumbai,Ridesharing Mobile app,130000.0
Mumbai,Food Discovery & Delivery Mobile app,7500000.0
Mumbai,Competitive exam learning platform,2000000.0
Gurgaon,Document Digitization platform,230000.0
Mumbai,proximity marketing & Mobile Advertising platform,80000.0
Chandigarh,Autorickshaw Aggregator & Booking platform,10000000.0
Mumbai,FinTech Startup Incubation platform,100000.0
Mumbai,Personalized Styling platform,1000000.0
Gurgaon,Luxury goods\\xc2\\xa0 Shopping Platform,900000.0
Bangalore,Online Lingerie Marketplace,40000000.0
New Delhi,Cloud software solutions,45000000.0
Bangalore,Job Search Platform,260000.0
Bangalore,Small Business Financing (NBFC),40000000.0
Mumbai,Online Movie Review Platform,150000.0
Mumbai,ECommerce Brands\\xe2\\x80\\x99 Full Service Agency,100000.0
Bangalore,Cloud-based Hotel Booking Platform,2000000.0
New Delhi,Community Driven News/Views Platform,600000.0
New Delhi,Study Material Marketplace,205000.0
Gurgaon,Restaurant Ratings & Reviews platform,60000000.0
Bhopal,Dairy Based Product Manufacturer,1800000.0
Bangalore,Government Test Preparation platform,400000.0
Gurgaon,Multilingual Test Preparation Platform,770000.0
New Delhi,Industrial Tools Marketplace,9200000.0
Bangalore,Non Profit Organization to alleviate poverty,315000.0
New Delhi,Gym & Fitness Studios Subscription platform,100000.0
Bangalore,pre-used apparel shopping mobile app,1000000.0
Mumbai,Used Vehicles Marketplace,15000000.0
Hyderabad,Mobile App testing platform,1200000.0
Gurgaon,Hyperlocal Delivery Services,9000000.0
US/India,Early Cancer Detection Solutions,3000000.0
Bangalore,Cab rental Mobile app,225000000.0
Mumbai,Online Insurance Distribution Platform,2000000.0
Bangalore,Mobile Marketing Automation Platform,4250000.0
Mumbai,Chain of Tea Caf\\xc3\\xa9\\xe2\\x80\\x99s,1000000.0
Noida,Branded Budget Hotel Marketplace,300000.0
Bangalore,Food Subscription platform,10000000.0
Gurgaon,Wedding Planning Platform,410000.0
Mumbai,B2B Mobile Auction Marketplace,450000.0
Gurgaon,Private label Fashion eTailer,75000000.0
Gurgaon,Online Food ordering & delivery,600000.0
New Delhi,Real Estate Broker Platform App,350000.0
Bangalore,Online Health & Wellness platform,1150000.0
New Delhi,Internet of Things platform,150000.0
Gurgaon,Diagnostic Labs aggregator platform,150000.0
Bangalore,Home Medical Care Services,37500000.0
Bangalore,Real-Time stock data platform,235000.0
Mumbai,coupons and cashback aggregator app,125000.0
Mumbai,Financial Services Portal,3000000.0
Bangalore,"virtual reality, 3d simulation and stereoscopic products",800000.0
Bangalore,Online Interior Designing platform,400000.0
Mumbai,End-to-end Logistics platform,10000000.0
New Delhi,Private Label Apparel sales,300000.0
Gurgaon / SFO,Cross-device retargeting platform,1200000.0
New Delhi,Digital & Physical Publishing platform,2250000.0
New Delhi,Food Delivery Platform,1750000.0
Bangalore,Data Driven Publishing platform,3300000.0
Noida,Employee OnBoarding & Orientation platform,400000.0
Hyderabad,Solar Power Solutions company,2000000.0
Bangalore,Online Meat Ordering platform,1000000.0
Bangalore,Cab Booking app platform,30000000.0
New Delhi,E-Commerce & M-Commerce platform,680000000.0
Bangalore,Mobile Advertising platform,100000000.0
Gurgaon,Hyperlocal Grocery Delivery,36000000.0
New Delhi,Fashion Discovery platform,350000.0
Bangalore / USA,Big Data Management Platform,5000000.0
Noida,Budget Accommodation Platform,1000000.0
Bangalore,Digital Signal processing platform,1000000.0
New Delhi,Ecommerce Marketplace,500000000.0
Pune,Restaurant Discount app,400000.0
New Delhi,ECommerce Logistics provider,5000000.0
New Delhi,Budget Hotel accommodation brand,100000000.0
Mumbai,User Engagment & Analytics platform,9600000.0
New Delhi,On-Demand Delivery Logistics,1300000.0
Pune,fund raising platform for startups,650000.0
Bangalore,Logistics Tech Platform,1300000.0
New Delhi,Online budget hotel chain,30000000.0
Mumbai,Hyperlocal Handyman services,3000000.0
Noida,hotel booking app,500000.0
Mumbai,Tech Platform for property brokers,785000.0
Mumbai,App security\\xc2\\xa0 testing platform,500000.0
Bangalore,Doctor Appointment booking app,90000000.0
Mumbai,Crowd funding platform,700000.0
Bangalore,Mobile based PoS solution,25000000.0
Gurgaon,Fast food Chain Franchisee,630000.0
Mumbai,Loyalty Programs & Reward Points,500000.0
Gurgaon,Taxi Rental platform,500000.0
New Delhi,ecommerce,80000.0
New Delhi,mobile social network,250000.0
New Delhi,Hyper-Local Ecommerce,16000000.0
Chennai,Online printing marketplace,250000.0
Bangalore,mobile payment software platform,1000000.0
Gurgaon,Automated Storage & Warehousing Solution,30000000.0
Bangalore,Home Design & D\\xc3\\xa9cor solutions,8000000.0
Kolkata,Quick Service Restaurant Chain,1600000.0
Pune,Subscription based Online Grocery platform,100000.0
Mumbai,engineering services company,20000000.0
New Delhi / US,Business and IT consulting,63000000.0
Mumbai,Credit Card Fraud protection solutions,7500000.0
Bangalore,Online & mobile Grocery store,50000000.0
Noida,Career Community for Women,770000.0
Bangalore,Mutual Fund Investing platform,2500000.0
Noida,Ecommerce Marketing Software Platform,500000.0
Chennai,Financial Inclusion platform,25000000.0
Pune,Mobile Commerce for Farmers,4000000.0
Mumbai,Picture based Social App,100000.0
Ahmedabad,Logistics service platform,245000.0
New Delhi,Exam Preparation Platform,220000.0
Mumbai,Waste Management Solutions,160000.0
Gurgaon,on-demand delivery service,310000.0
Gurgaon,Fashion Discovery platform,15000000.0
Mumbai,Data Analytics Platform,4200000.0
Chennai,Deep Learning Cloud Algorithms,1000000.0
Bangalore,Corporate Wellness App,1000000.0
Mumbai,"Hyperlocal Maintenance, Repair & Cleaning services",2400000.0
Bangalore,Online Furniture Marketplace,20000000.0
New Delhi,Online Diagnostic Tests Marketplace,156000.0
Hyderabad,Online marketplace for Photographers,600000.0
New Delhi,Visual Blogging platform,600000.0
Bangalore,Job Search Platform,500000.0
Ahmedabad,Food Customer analytics platform,300000.0
Mumbai,Professional Service Appointment booking service,400000.0
Bangalore,On-Demand App based Professional service provider,1000000.0
Gurgaon,Restaurant Reservation Platform,3000000.0
Mumbai,Cross-channel CRM platform,4000000.0
Pune,Professional Custom creators Marketplace,250000.0
New Delhi,on-Demand Washing & Dry-Cleaning,100000.0
Mumbai,On-Demand Beauty Service,400000.0
Gurgaon,Online Food Community Platform,500000.0
Bangalore,Beauty & Lifestyle Mobile Marketplace,2000000.0
Pune,QSR Restaurant Chain,160000.0
Bangalore,Online Coffee Delivery platform,300000.0
Bangalore,Language Localization Cloud platform,4000000.0
Chennai,CRM / Analytics platform,1000000.0
Mumbai,Hyperlocal Electronics repair Service,630000.0
Bangalore,IT infrastructure & Data Center services,13500000.0
Chennai,Online Financial Services,60000000.0
Bangalore,Used Car Marketplace,5000000.0
Gurgaon,Internet of Things platform,161000.0
Jaipur,Language Learning App,6500000.0
Ahmedabad,Custom Merchandize platform,1000000.0
Mumbai,Custom Furniture Marketplace,395000.0
Gurgaon,Ethnic Beverages manufacturer,30000000.0
Gurgaon,Budget Accommodation aggregator,3000000.0
New Delhi,Real Estate Rating & Analysis,5000000.0
Mumbai,Music Streaming App,100000000.0
Mumbai / Global,Big Data & Analytics platform,11000000.0
India / US,Big Data & Analytics platform,30000000.0
Kanpur,Coupon Aggregator Platform,20000.0
Mumbai,Online Food-Tech Platform,470000.0
Bangalore,Celebrity Fashion Brand,7500000.0
Ahmedabad,Online Finance lending platform,10000000.0
New Delhi,Healthcare Mobile App,10200000.0
Bangalore,Self-driven vehicle rental,11000000.0
Hyderabad,Online comparison engine,10000000.0
Mumbai,Physical Storage warehouses,300000.0
Bangalore,Tech Recruitment platform,7500000.0
Bangalore,Bike Rental Platform,790000.0
Mumbai,Tech enabled logistics platform,500000.0
Gurgaon,Budget Hotel Accommodation,100000000.0
Pune,Restaurant customer engagement platform,2300000.0
Bangalore,Hyper local logistics platform,11000000.0
Mumbai,Crowd Funding Platform,700000.0
Mumbai,F&B sector Mobile Payment platform,1600000.0
Mumbai,Industrial Supplies B2B ecommerce,100000.0
New Delhi,Online budget hotel chain,15000000.0
Bangalore,Payment Solutions platform,4850000.0
New Delhi,Organic Food ecommerce,1000000.0
Bangalore,Big Data & Analytics platform,2000000.0
Mumbai,Fine Dining Restaurant Chain,30000000.0
Bangalore,Luxury Rental Homes,12750000.0
Ahmedabad,Online Grocers,320000.0
Bangalore,Clinical Genomics Provider,20000000.0
Bangalore,Travel information portal,15000000.0
Mumbai,Fitness Marketplace,1000000.0
Mumbai,Online & Mobile classified listings,60000000.0
Gurgaon,Real Estate Broker network App,1000000.0
Mumbai,Used Bikes Marketplace,15000000.0
Hyderabad,Spa & Salon Management Software,6000000.0
Mumbai,Online home d\\xc3\\xa9cor marketplace,100000000.0
Bangalore,Online Marketplace,700000000.0
Bangalore,Hyperlocal food & grocery store,1300000.0
Mumbai,Health-Tech platform,1000000.0
Mumbai,Hyperlocal Handyman Services,2000000.0
New Delhi,Medical Tech Instruments,2400000.0
Bangalore,Hyperlocal Deals Marketplace,50000000.0
Gurgaon,Innovative Water Solutions,1200000.0
Mumbai,Online Jewelry Store,600000.0
Mumbai,Business intelligence & Analytics,2400000.0
New Delhi,Used Vehicle Marketplace,16000000.0
Bangalore,Educational Board Games,168000.0
Mumbai,Chinese food delivery,168000.0
Gurgaon,Hyperlocal Grocery App,500000.0
Pune,Hasbro Toy Manufacturer,2000000.0
Gurgaon,Travel Tech,5000000.0
New Delhi,Healthy Food Manufacturer,6000000.0
Mumbai,Used Car Marketplace,500000.0
New Delhi,Online Learning Platform,4000000.0
New Delhi,Healthy Food Online Community,350000.0
Mumbai,Online Fashion Video Portal,1000000.0
Chennai,Probiotic Technology Products Manufacturer,550000.0
Hyderabad,Architectural Design & Consulting,500000.0
Pune / US,Big Data & Analytics Services,35000000.0
Pune,Preventive Healthcare Services,350000.0
Mumbai,Real Estate Intelligence Platform,3000000.0
New Delhi,Online Car Rental Affiliates,100000.0
Pune / US,Data Center Software platform,15000000.0
New Delhi,Online City & Lifestyle Guide,150000.0
Pune,Bespoke Merchandize Marketplace,250000.0
New Delhi,Logistics Solution Provider,137000000.0
Noida,Video Intelligence Platform,1000000.0
Mumbai,Hyperlocal Shopping App,20000000.0
Bangalore,eCommerce platform,50000000.0
Mumbai,Renewable energy solutions,500000.0
Bangalore,Healthcare\\nService provider,10000000.0
Chandigarh,Auto Rickshaw Based Services,5000000.0
Mumbai,Off-grid Solar Power,40000000.0
New Delhi,Private Label lingerie Ecommerce,5000000.0
Bangalore,Online Food Ordering,16500000.0
Gurgaon,Mobile Commerce Platform,234000.0
Bangalore,Digital Marketing Services,140000.0
Bangalore,Fashion Ecommerce store,5000000.0
Mumbai,Mobile Compression Software,350000.0
Gurgaon,Peer to Peer Lending platform,250000.0
Ahmedabad,Global Healthcare products,16000000.0
Bangalore,Home Furnishing Solutions,50000000.0
Bangalore,Intra-City Logistics service,500000.0
Mumbai,Online Coupon & comparison platform,500000.0
Mumbai,Dental Clinic chain,8200000.0
Bangalore,3D Printer Manufacturer,3000000.0
Mumbai,IT / Customer Engagement Consulting,5000000.0
Bangalore,Home services marketplace,4000000.0
Chennai,Financial Services Platform,11000000.0
Bangalore,Social Network for Artists,120000.0
Bangalore,Startup funding platform,10000000.0
Mumbai,Food Delivery Platform,3100000.0
Bangalore,Data Driven recruitment recommendation,5000000.0
Bangalore,Video Advertisement Platform,500000.0
New Delhi,Mobile Chat based concierge service,1600000.0
Bangalore,Online Budget Hotel Booking Service,6000000.0
New Delhi,Online education marketplace,1000000.0
Mumbai,Logistics Tech,5500000.0
Bangalore,App Analytics platform,500000.0
New Delhi,Micro Finance Platform,8600000.0
Bangalore,Freight logistics platform,6000000.0
Chennai,Credit Management Services,2500000.0
Mumbai,Hyperlocal Handyman Services,250000.0
New Delhi,Hyperlocal services marketplace,10000000.0
Bangalore,Marketing / Advertising Automation platform,1000000.0
Mumbai,Hyperlocal Handyman Services,400000.0
Bangalore,Flat rental Mobile App,2500000.0
Mumbai,Wealth Management Platform,1500000.0
Gurgaon,Online Food Delivery,100000000.0
Chennai,Fund Raising Platform,100000.0
Bangalore,Workforce Management Software,550000.0
Gurgaon,Online Art Marketplace,200000.0
Bangalore,Online Food Delivery,1000000.0
Hyderabad,Affordable Education,650000.0
Hyderabad,Career Development,250000.0
Gurgaon,Real Estate Advisory,6000000.0
Bangalore,Banking Analytics Platform,15000000.0
Gurgaon,Ecommerce Logistics,85000000.0
Bangalore,Online Food Delivery,15000000.0
Mumbai,Online Food Delivery,3500000.0
Mumbai,Online Education Platform,10000000.0
Bangalore,Online Education Platform,5000000.0
Bangalore,Online Product Comparison,1000000.0
Pune,Online Security Platform,2000000.0
New Delhi,Online Medical Diagnostic,150000.0
Bangalore,Cloud Data Integration Platform,2000000.0
Chennai,Mobile Laundry Cleaning Service,2000000.0
Mumbai,Online Education Platform,2000000.0
Gurgaon,Lifestyle Ecommerce Portal,5000000.0
Mumbai,Online Fashion Aggregator,250000.0
Bangalore,Online Job skills Showcase,270000.0
New Delhi,Offline Tea Chain,1000000.0
New Delhi,Business Messaging App,16000000.0
Bangalore,Health Mobile App,470000.0
Noida,Online Ed-Tech Platform,1000000.0
Gurgaon,Hyperlocal Mobile Marketplace,5500000.0
Gurgaon,Trucking Logistic Operations,10000000.0
Bangalore,B2C Messaging App,3000000.0
Bangalore,Customer Engagement Platform,625000.0
Bangalore,Online Table Reservation,500000.0
Bangalore,Parents focused Web Content,500000.0
Bangalore,On-demand Service marketplace,2000000.0
Bangalore,On-Demand Business messaging,200000.0
Hyderabad,Online Home D\\xc3\\xa9cor,1000000.0
Bangalore,API Workflow platform,1000000.0
New Delhi,Affordable Hotel Booking Online,5000000.0
Goa,Logistics Intelligence,180000.0
Bangalore,Last Mile Logistics,240000.0
Bangalore,Self-driven Car rental,5000000.0
Bangalore,Electric Scooter Manufacturer,12000000.0
Bangalore,Online Food Delivery,2000000.0
Gurgaon,Web Content Publishing,200000.0
Dallas / Hyderabad,Location Based App,1000000.0
New Delhi,Video Streaming,120000.0
Hyderabad,Price Comparison,165000.0
Mumbai,Online Classifieds,150000000.0
New Delhi,Travel Entertainment,2200000.0
Pune,eCommerce,10000000.0
Gurgaon,Digital / Mobile Wallet,25000000.0
Bangalore,Cab Aggregator,400000000.0
New Delhi,Device Repair Svcs,200000.0
New Delhi,Premium Beverages,2000000.0
Kolkata,Digital / Mobile Wallet,165000.0
Bangalore,Online Furnishing\\neCommerce,50000000.0
Bangalore,Interactive\\xc2\\xa0 How-To Guides,900000.0
Gurgaon,Restaurant Reviews,25000000.0
Bangalore,Online Grocer,10000000.0
New Delhi,Ed-Tech,300000.0
Mumbai,Logistics Tech,500000.0
Noida,Online Hotel Booking,1000000.0
Bangalore,Online Kitchen Furniture,1250000.0
Mumbai,Hyper-local Online Services,5000000.0
Gurgaon,Hyper-Local Online/Mobile Grocery,35000000.0
Gurgaon,Hyper-Local Online/Mobile Grocery,10000000.0
Gurgaon,Online Policy Aggregator,40000000.0
New Delhi,Hyperlocal Mobile Services Marketplace,1600000.0
Mumbai,OnDemand\\nMobile Handyman Services,1200000.0
Udupi,Mobile App Development,12000000.0
Vadodara,Material Collection & Recycling,4000000.0
Gurgaon,Online Pharmacy & Drug DB,6000000.0
Chennai,Online / Mobile Customer Support,50000000.0
Chennai,Online Classifieds & Listings,28000000.0
Bangalore,Fashion ECommerce,3500000.0
New Delhi,Private Coaching Centers,1500000.0
Bangalore,Online Certification Courses,15000000.0
Mumbai,Ethnic Product eCommerce,18000000.0
Bangalore / SFO,Last Minute Travel Deals mobile marketplace,1800000.0
Bangalore,usiness expense management,500000.0
Chandigarh,Auto Rickshaw based Logistics,1000000.0
Mumbai,Online Insurance Aggregator,12000000.0
Pune,Restaurant Management Platform,350000.0
Mumbai,Food Logistics & Delivery,1000000.0
Jaipur,Interactive Educational Games,400000.0
Bangalore,Grey collar Job Board,10000000.0
Hyderabad,Robotic Program learning,250000.0
Mumbai,Tele-Shopping / eCommerce,21500000.0
Gurgaon,Used Gadgets Buy / Refurbishing,1000000.0
Pune / US,Cloud Enterprise Software,6000000.0
Bangalore,Startup Analytics platform,3500000.0
Bangalore,Financial Markets Software,400000.0
Chennai,Hiring Analytics platform,500000.0
Noida,Online Travel Marketplace,8000000.0
